-- Generated SQL for new database structure
-- Generated on: 2025-09-21T22:34:54.841Z

-- Comps table data
INSERT INTO comps (comp_id, did_win, first_pick, team_id) VALUES
(1, true, true, 1),
(2, false, false, 2),
(3, true, true, 2),
(4, false, false, 1),
(5, false, true, 1),
(6, true, false, 2),
(7, true, true, 3),
(8, false, false, 4),
(9, false, true, 4),
(10, true, false, 3),
(11, true, true, 5),
(12, false, false, 6),
(13, false, true, 6),
(14, true, false, 5),
(15, false, true, 2),
(16, true, false, 6),
(17, true, true, 6),
(18, false, false, 2),
(19, true, true, 3),
(20, false, false, 7),
(21, false, true, 3),
(22, true, false, 7),
(23, true, true, 3),
(24, false, false, 7),
(25, true, true, 5),
(26, false, false, 8),
(27, false, true, 5),
(28, true, false, 8),
(29, true, true, 5),
(30, false, false, 8),
(31, true, true, 3),
(32, false, false, 6),
(33, false, true, 3),
(34, true, false, 6),
(35, true, true, 3),
(36, false, false, 6),
(37, true, true, 8),
(38, false, false, 3),
(39, false, true, 3),
(40, true, false, 8),
(41, false, true, 5),
(42, true, false, 8),
(43, true, true, 5),
(44, false, false, 8),
(45, true, true, 8),
(46, false, false, 5),
(47, false, true, 5),
(48, true, false, 8),
(49, true, true, 5),
(50, false, false, 8),
(51, false, true, 8),
(52, true, false, 5),
(53, true, true, 8),
(54, false, false, 5),
(55, false, true, 8),
(56, true, false, 5),
(57, true, true, 9),
(58, false, false, 10),
(59, false, true, 10),
(60, true, false, 9),
(61, true, true, 5),
(62, false, false, 11),
(63, false, false, 11),
(64, false, false, 5),
(65, true, true, 11),
(66, true, true, 5),
(67, true, true, 8),
(68, false, false, 10),
(69, false, false, 10),
(70, true, false, 10),
(71, true, true, 8),
(72, false, true, 8),
(73, true, true, 9),
(74, false, true, 9),
(75, false, false, 12),
(76, true, false, 12),
(77, false, true, 9),
(78, true, false, 12),
(79, true, true, 5),
(80, false, false, 8),
(81, false, true, 8),
(82, true, false, 5),
(83, true, true, 5),
(84, true, true, 5),
(85, false, false, 9),
(86, true, false, 9),
(87, false, false, 9),
(88, false, true, 5),
(89, true, true, 5),
(90, false, false, 12),
(91, true, true, 5),
(92, false, false, 12),
(93, false, true, 12),
(94, true, false, 5),
(95, false, true, 12),
(96, true, false, 5),
(97, true, true, 8),
(98, false, false, 2),
(99, false, true, 2),
(100, true, false, 8),
(101, false, true, 11),
(102, true, false, 13),
(103, false, true, 11),
(104, true, false, 13),
(105, true, true, 2),
(106, false, false, 14),
(107, false, false, 14),
(108, true, true, 2),
(109, false, true, 8),
(110, true, false, 15),
(111, true, true, 8),
(112, false, false, 15),
(113, false, true, 15),
(114, true, false, 8),
(115, false, true, 2),
(116, true, false, 13),
(117, false, true, 2),
(118, true, false, 13),
(119, false, true, 13),
(120, true, false, 15),
(121, false, false, 15),
(122, false, false, 15),
(123, true, true, 13),
(124, true, true, 13),
(125, false, true, 8),
(126, true, false, 13),
(127, false, true, 8),
(128, true, false, 13),
(129, false, true, 8),
(130, true, false, 13),
(131, false, false, 8),
(132, false, false, 13),
(133, true, true, 13),
(134, true, true, 8),
(135, true, true, 3),
(136, false, false, 16),
(137, false, true, 16),
(138, true, false, 3),
(139, true, true, 5),
(140, false, false, 17),
(141, false, true, 17),
(142, true, false, 5),
(143, false, true, 3),
(144, true, false, 5),
(145, true, true, 3),
(146, false, false, 5),
(147, false, false, 3),
(148, false, false, 3),
(149, true, true, 5),
(150, true, true, 5),
(151, true, true, 13),
(152, true, true, 13),
(153, false, false, 17),
(154, false, false, 13),
(155, false, false, 17),
(156, true, true, 17),
(157, true, true, 3),
(158, false, false, 13),
(159, true, false, 13),
(160, false, true, 3),
(161, true, false, 13),
(162, false, true, 3),
(163, true, false, 13),
(164, false, true, 3),
(165, true, true, 5),
(166, false, false, 13),
(167, false, true, 13),
(168, true, false, 5),
(169, false, false, 13),
(170, true, true, 13),
(171, false, false, 5),
(172, true, true, 5),
(179, true, true, 18),
(180, false, false, 9),
(182, false, false, 9),
(183, false, true, 18),
(181, true, false, 9),
(184, true, true, 18),
(185, true, true, 19),
(186, true, false, 2),
(187, false, true, 2),
(188, false, false, 2),
(190, true, false, 19),
(189, false, true, 19),
(191, false, true, 20),
(192, true, false, 21),
(193, true, false, 21),
(194, false, true, 20),
(195, true, true, 3),
(196, false, false, 22),
(197, false, true, 22),
(198, true, false, 3),
(199, false, true, 19),
(200, true, false, 23),
(201, true, false, 23),
(202, false, true, 19),
(203, true, true, 15),
(204, false, true, 18),
(205, false, false, 18),
(206, true, false, 15),
(207, false, true, 21),
(208, false, true, 21),
(209, true, false, 5),
(210, true, false, 5),
(211, false, true, 5),
(212, true, false, 15),
(213, false, true, 5),
(214, true, false, 15),
(215, false, true, 5),
(216, true, false, 15),
(217, true, true, 3),
(218, false, true, 23),
(219, false, false, 23),
(220, true, false, 3),
(221, false, true, 23),
(222, true, false, 3),
(223, true, true, 3),
(224, true, true, 15),
(225, true, true, 3),
(226, false, true, 15),
(227, false, false, 15),
(229, false, false, 15),
(228, false, false, 3),
(230, true, false, 3);

-- Matches table data
INSERT INTO matches (match_id, set_id, comp_1_id, comp_2_id) VALUES
(1, 1, 1, 2),
(2, 1, 3, 4),
(3, 1, 5, 6),
(4, 2, 7, 8),
(5, 2, 9, 10),
(6, 3, 11, 12),
(7, 3, 13, 14),
(8, 4, 15, 16),
(9, 4, 17, 18),
(10, 5, 19, 20),
(11, 5, 21, 22),
(12, 5, 23, 24),
(13, 6, 25, 26),
(14, 6, 27, 28),
(15, 6, 29, 30),
(16, 7, 31, 32),
(17, 7, 33, 34),
(18, 7, 35, 36),
(19, 8, 37, 38),
(20, 8, 39, 40),
(21, 9, 41, 42),
(22, 9, 43, 44),
(23, 9, 45, 46),
(24, 9, 47, 48),
(25, 10, 49, 50),
(26, 10, 51, 52),
(27, 10, 53, 54),
(28, 10, 55, 56),
(29, 11, 57, 58),
(30, 11, 59, 60),
(31, 12, 61, 62),
(32, 12, 65, 64),
(33, 12, 66, 63),
(34, 13, 67, 68),
(35, 13, 72, 70),
(36, 13, 71, 69),
(37, 14, 73, 75),
(38, 14, 74, 76),
(39, 14, 77, 78),
(40, 15, 79, 80),
(41, 15, 81, 82),
(42, 16, 83, 87),
(43, 16, 88, 86),
(44, 16, 84, 85),
(45, 17, 89, 90),
(46, 17, 91, 92),
(47, 18, 95, 94),
(48, 18, 93, 96),
(49, 19, 97, 98),
(50, 19, 99, 100),
(51, 20, 101, 102),
(52, 20, 103, 104),
(53, 21, 105, 106),
(54, 21, 108, 107),
(55, 22, 109, 110),
(56, 22, 111, 112),
(57, 22, 113, 114),
(58, 23, 115, 116),
(59, 23, 117, 118),
(60, 24, 119, 120),
(61, 24, 124, 122),
(62, 24, 123, 121),
(63, 25, 125, 126),
(64, 25, 127, 128),
(65, 26, 129, 130),
(66, 26, 134, 132),
(67, 26, 133, 131),
(68, 27, 135, 136),
(69, 27, 137, 138),
(70, 28, 139, 140),
(71, 28, 141, 142),
(72, 29, 143, 144),
(73, 29, 145, 146),
(74, 29, 150, 148),
(75, 29, 149, 147),
(76, 30, 151, 155),
(77, 30, 156, 154),
(78, 30, 152, 153),
(79, 31, 157, 158),
(80, 31, 162, 163),
(81, 31, 164, 159),
(82, 31, 160, 161),
(83, 32, 165, 169),
(84, 32, 170, 171),
(85, 32, 172, 166),
(86, 32, 167, 168),
(91, 36, 184, 182),
(90, 36, 183, 181),
(89, 36, 179, 180),
(94, 37, 187, 190),
(93, 37, 189, 186),
(92, 37, 185, 188),
(95, 38, 191, 193),
(96, 38, 194, 192),
(97, 39, 195, 196),
(98, 39, 197, 198),
(100, 40, 202, 200),
(99, 40, 199, 201),
(101, 41, 203, 205),
(102, 41, 204, 206),
(103, 42, 207, 210),
(104, 42, 208, 209),
(105, 43, 211, 216),
(106, 43, 213, 212),
(107, 43, 215, 214),
(108, 44, 217, 219),
(109, 44, 218, 222),
(110, 44, 221, 220),
(111, 45, 223, 227),
(112, 45, 224, 228),
(113, 45, 225, 229),
(114, 45, 226, 230);

-- Picks table data
INSERT INTO picks (comp_id, pokemon_id, pick_position, player_id, move_1_id, move_2_id) VALUES
(1, 25, 1, 1, 97, 99),
(1, 63, 4, 2, 240, 242),
(1, 10, 5, 3, 37, 39),
(1, 60, 8, 4, 229, 230),
(1, 14, 9, 5, 53, 56),
(2, 16, 2, 6, 61, 64),
(2, 56, 3, 7, 214, 216),
(2, 35, 6, 8, 138, 139),
(2, 32, 7, 9, 125, 127),
(2, 2, 10, 10, 6, 8),
(3, 25, 1, 8, 98, 100),
(3, 10, 4, 9, 37, 39),
(3, 16, 5, 6, 61, 64),
(3, 66, 8, 10, 252, 253),
(3, 60, 9, 7, 229, 230),
(4, 63, 2, 2, 240, 242),
(4, 14, 3, 5, 53, 56),
(4, 4, 6, 1, 14, 16),
(4, 55, 7, 3, 210, 212),
(4, 42, 10, 4, 163, 165),
(5, 39, 1, 2, 154, 156),
(5, 60, 4, 4, 229, 230),
(5, 10, 5, 3, 37, 39),
(5, 4, 8, 1, 14, 16),
(5, 14, 9, 5, 53, 56),
(6, 16, 2, 6, 61, 64),
(6, 56, 3, 7, 214, 216),
(6, 7, 6, 10, 25, 28),
(6, 32, 7, 9, 125, 127),
(6, 36, 10, 8, 142, 144),
(7, 56, 1, 11, 213, 215),
(7, 10, 4, 12, 37, 39),
(7, 4, 5, 13, 13, 16),
(7, 22, 8, 14, 85, 87),
(7, 66, 9, 15, 252, 253),
(8, 17, 2, 16, 65, 68),
(8, 32, 3, 17, 125, 127),
(8, 57, 6, 18, 217, 219),
(8, 62, 7, 19, 235, 237),
(8, 13, 10, 20, 49, 51),
(9, 56, 1, 20, 213, 215),
(9, 17, 4, 16, 65, 68),
(9, 32, 5, 17, 125, 127),
(9, 62, 8, 19, 235, 237),
(9, 11, 9, 18, 42, 44),
(10, 4, 2, 13, 14, 16),
(10, 25, 3, 15, 97, 99),
(10, 45, 6, 11, 174, 175),
(10, 10, 7, 12, 37, 39),
(10, 50, 10, 14, 189, 191),
(11, 22, 1, 21, 85, 87),
(11, 66, 4, 22, 252, 253),
(11, 17, 5, 23, 65, 68),
(11, 4, 8, 24, 14, 16),
(11, 60, 9, 25, 229, 230),
(12, 56, 2, 43, 213, 215),
(12, 30, 3, 26, 117, 119),
(12, 40, 6, 27, 157, 158),
(12, 32, 7, 28, 125, 127),
(12, 12, 10, 29, 45, 47),
(13, 55, 1, 26, 210, 211),
(13, 32, 4, 28, 125, 127),
(13, 64, 5, 29, 244, 245),
(13, 62, 8, 43, 235, 237),
(13, 15, 9, 27, 57, 59),
(14, 30, 2, 25, 118, 119),
(14, 22, 3, 21, 85, 87),
(14, 17, 6, 23, 65, 67),
(14, 66, 7, 22, 252, 253),
(14, 4, 10, 24, 14, 16),
(15, 16, 1, 6, 61, 64),
(15, 32, 4, 9, 125, 127),
(15, 40, 5, 8, 157, 158),
(15, 64, 8, 10, 244, 245),
(15, 60, 9, 7, 229, 230),
(16, 56, 2, 43, 214, 216),
(16, 66, 3, 29, 252, 253),
(16, 22, 6, 28, 85, 87),
(16, 55, 7, 26, 210, 211),
(16, 4, 10, 27, 14, 16),
(17, 55, 1, 26, 210, 211),
(17, 32, 4, 28, 125, 127),
(17, 40, 5, 27, 157, 158),
(17, 62, 8, 43, 235, 237),
(17, 60, 9, 29, 229, 230),
(18, 25, 2, 8, 98, 100),
(18, 56, 3, 7, 214, 216),
(18, 53, 6, 6, 201, 204),
(18, 46, 7, 9, 178, 179),
(18, 63, 10, 10, 240, 242),
(19, 56, 1, 13, 213, 215),
(19, 32, 4, 14, 125, 127),
(19, 10, 5, 12, 37, 39),
(19, 41, 8, 11, 159, 162),
(19, 21, 9, 15, 81, 83),
(20, 30, 2, 30, 117, 119),
(20, 16, 3, 31, 61, 63),
(20, 54, 6, 32, 206, 208),
(20, 23, 7, 33, 89, 92),
(20, 26, 10, 34, 102, 104),
(21, 39, 1, 15, 154, 156),
(21, 10, 4, 12, 37, 39),
(21, 4, 5, 13, 14, 16),
(21, 41, 8, 11, 159, 162),
(21, 32, 9, 14, 125, 127),
(22, 30, 2, 30, 117, 119),
(22, 22, 3, 31, 85, 87),
(22, 37, 6, 32, 146, 148),
(22, 29, 7, 33, 113, 116),
(22, 15, 10, 34, 57, 59),
(23, 39, 1, 15, 154, 156),
(23, 32, 4, 14, 125, 127),
(23, 4, 5, 13, 13, 16),
(23, 10, 8, 12, 37, 39),
(23, 41, 9, 11, 160, 162),
(24, 30, 2, 30, 117, 119),
(24, 25, 3, 32, 97, 99),
(24, 14, 6, 31, 53, 56),
(24, 2, 7, 33, 6, 8),
(24, 15, 10, 34, 57, 59),
(25, 30, 1, 25, 118, 119),
(25, 25, 4, 24, 98, 100),
(25, 66, 5, 22, 252, 253),
(25, 32, 8, 21, 125, 127),
(25, 16, 9, 23, 61, 64),
(26, 22, 2, 35, 85, 87),
(26, 60, 3, 36, 229, 230),
(26, 54, 6, 37, 205, 208),
(26, 9, 7, 38, 34, 35),
(26, 63, 10, 39, 240, 242),
(27, 30, 1, 25, 118, 119),
(27, 22, 4, 21, 85, 87),
(27, 16, 5, 23, 61, 64),
(27, 40, 8, 24, 157, 158),
(27, 60, 9, 22, 229, 230),
(28, 25, 2, 37, 98, 100),
(28, 66, 3, 39, 252, 253),
(28, 23, 6, 38, 89, 91),
(28, 32, 7, 35, 125, 127),
(28, 37, 10, 36, 146, 148),
(29, 30, 1, 25, 118, 119),
(29, 40, 4, 24, 157, 158),
(29, 32, 5, 21, 125, 127),
(29, 53, 8, 23, 201, 203),
(29, 21, 9, 22, 81, 83),
(30, 16, 2, 38, 61, 64),
(30, 25, 3, 37, 98, 100),
(30, 22, 6, 35, 85, 87),
(30, 37, 7, 36, 146, 148),
(30, 64, 10, 39, 244, 245),
(31, 56, 1, 11, 213, 215),
(31, 66, 4, 15, 252, 253),
(31, 10, 5, 12, 37, 39),
(31, 4, 8, 13, 13, 16),
(31, 44, 9, 14, 169, 171),
(32, 41, 2, 43, 159, 162),
(32, 22, 3, 28, 85, 87),
(32, 12, 6, 29, 45, 47),
(32, 30, 7, 26, 117, 119),
(32, 25, 10, 27, 97, 99),
(33, 56, 1, 11, 214, 216),
(33, 10, 4, 12, 37, 39),
(33, 25, 5, 13, 98, 100),
(33, 44, 8, 14, 169, 171),
(33, 60, 9, 15, 229, 230),
(34, 66, 2, 29, 252, 253),
(34, 22, 3, 28, 85, 87),
(34, 4, 6, 27, 14, 16),
(34, 30, 7, 26, 117, 119),
(34, 62, 10, 43, 235, 237),
(35, 39, 1, 15, 154, 156),
(35, 32, 4, 14, 125, 127),
(35, 4, 5, 13, 13, 16),
(35, 10, 8, 12, 37, 39),
(35, 41, 9, 11, 160, 162),
(36, 56, 2, 43, 214, 216),
(36, 30, 3, 26, 117, 119),
(36, 38, 6, 29, 150, 152),
(36, 14, 7, 28, 53, 56),
(36, 25, 10, 27, 97, 99),
(37, 55, 1, 38, 209, 211),
(37, 32, 4, 35, 125, 127),
(37, 25, 5, 37, 97, 99),
(37, 37, 8, 36, 146, 148),
(37, 64, 9, 39, 244, 245),
(38, 22, 2, 14, 85, 87),
(38, 4, 3, 13, 13, 16),
(38, 60, 6, 11, 229, 230),
(38, 10, 7, 12, 37, 39),
(38, 61, 10, 15, 232, 233),
(39, 56, 1, 11, 213, 215),
(39, 10, 4, 12, 37, 39),
(39, 4, 5, 13, 13, 16),
(39, 44, 8, 14, 169, 171),
(39, 11, 9, 15, 42, 44),
(40, 32, 2, 35, 125, 127),
(40, 66, 3, 39, 252, 253),
(40, 25, 6, 37, 97, 99),
(40, 9, 7, 38, 34, 35),
(40, 37, 10, 36, 146, 148),
(41, 30, 1, 23, 117, 119),
(41, 40, 4, 24, 157, 158),
(41, 32, 5, 21, 125, 127),
(41, 38, 8, 25, 150, 152),
(41, 41, 9, 22, 159, 162),
(42, 16, 2, 38, 61, 64),
(42, 25, 3, 37, 97, 99),
(42, 60, 6, 39, 229, 230),
(42, 45, 7, 36, 174, 175),
(42, 46, 10, 35, 177, 180),
(43, 30, 1, 25, 118, 119),
(43, 32, 4, 21, 125, 127),
(43, 60, 5, 22, 229, 230),
(43, 40, 8, 24, 157, 158),
(43, 9, 9, 23, 33, 35),
(44, 16, 2, 38, 61, 64),
(44, 25, 3, 37, 98, 100),
(44, 50, 6, 35, 189, 192),
(44, 45, 7, 36, 174, 175),
(44, 39, 10, 39, 154, 156),
(45, 56, 1, 36, 213, 215),
(45, 16, 4, 38, 61, 64),
(45, 57, 5, 37, 217, 219),
(45, 64, 8, 39, 244, 245),
(45, 32, 9, 35, 125, 127),
(46, 25, 2, 24, 98, 100),
(46, 30, 3, 23, 117, 119),
(46, 60, 6, 25, 229, 230),
(46, 22, 7, 21, 85, 87),
(46, 41, 10, 22, 160, 162),
(47, 30, 1, 23, 117, 119),
(47, 64, 4, 25, 244, 245),
(47, 32, 5, 21, 125, 127),
(47, 54, 8, 24, 206, 208),
(47, 60, 9, 22, 229, 230),
(48, 16, 2, 38, 61, 64),
(48, 25, 3, 37, 97, 99),
(48, 14, 6, 35, 53, 55),
(48, 61, 7, 36, 232, 233),
(48, 28, 10, 39, 110, 112),
(49, 25, 1, 22, 97, 99),
(49, 22, 4, 21, 85, 87),
(49, 17, 5, 23, 65, 67),
(49, 2, 8, 25, 6, 8),
(49, 40, 9, 24, 157, 158),
(50, 30, 2, 38, 117, 119),
(50, 56, 3, 36, 213, 215),
(50, 57, 6, 37, 217, 219),
(50, 14, 7, 35, 53, 55),
(50, 64, 10, 39, 244, 245),
(51, 66, 1, 39, 252, 253),
(51, 16, 4, 38, 61, 64),
(51, 11, 5, 37, 42, 43),
(51, 37, 8, 36, 146, 148),
(51, 32, 9, 35, 125, 127),
(52, 22, 2, 21, 85, 87),
(52, 30, 3, 23, 117, 119),
(52, 40, 6, 24, 157, 158),
(52, 2, 7, 25, 6, 8),
(52, 39, 10, 22, 154, 156),
(53, 66, 1, 39, 252, 253),
(53, 16, 4, 38, 61, 64),
(53, 11, 5, 37, 42, 43),
(53, 37, 8, 36, 146, 148),
(53, 14, 9, 35, 53, 55),
(54, 32, 2, 21, 125, 127),
(54, 30, 3, 23, 117, 119),
(54, 25, 6, 24, 98, 100),
(54, 39, 7, 22, 154, 156),
(54, 2, 10, 25, 6, 8),
(55, 66, 1, 39, 252, 253),
(55, 16, 4, 38, 61, 64),
(55, 11, 5, 37, 42, 43),
(55, 37, 8, 36, 146, 148),
(55, 14, 9, 35, 53, 55),
(56, 32, 2, 21, 125, 127),
(56, 30, 3, 25, 118, 119),
(56, 25, 6, 24, 98, 100),
(56, 39, 7, 22, 154, 156),
(56, 53, 10, 23, 201, 203),
(57, 74, 1, 40, 283, 285),
(57, 50, 4, 41, 189, 192),
(57, 45, 5, 42, 174, 175),
(57, 51, 8, 43, 194, 195),
(57, 17, 9, 3, 65, 67),
(58, 13, 2, 44, 50, 52),
(58, 71, 3, 45, 271, 274),
(58, 24, 6, 46, 94, 96),
(58, 61, 7, 47, 231, 233),
(58, 1, 10, 33, 1, 3),
(59, 22, 1, 45, 86, 88),
(59, 55, 4, 46, 210, 212),
(59, 13, 5, 44, 52, 50),
(59, 2, 8, 33, 6, 8),
(59, 48, 9, 47, 183, 184),
(60, 17, 2, 3, 66, 67),
(60, 45, 3, 42, 174, 175),
(60, 19, 6, 40, 73, 75),
(60, 50, 7, 41, 189, 192),
(60, 62, 10, 43, 236, 238),
(61, 56, 1, 22, 213, 215),
(61, 51, 4, 29, 194, 195),
(61, 17, 5, 23, 65, 67),
(61, 46, 8, 21, 177, 180),
(61, 65, 9, 24, 247, 249),
(62, 20, 2, 48, 78, 80),
(62, 55, 3, 49, 209, 211),
(62, 5, 6, 50, 17, 19),
(62, 24, 7, 51, 94, 96),
(62, 21, 10, 52, 81, 83),
(63, 56, 2, 48, 213, 215),
(63, 55, 3, 51, 209, 211),
(63, 57, 6, 50, 217, 219),
(63, 17, 7, 49, 65, 68),
(63, 21, 10, 52, 81, 83),
(64, 56, 2, 22, 213, 215),
(64, 2, 3, 29, 6, 8),
(64, 30, 6, 23, 117, 119),
(64, 32, 7, 21, 125, 127),
(64, 65, 10, 24, 248, 250),
(65, 22, 1, 51, 86, 88),
(65, 17, 4, 49, 65, 67),
(65, 57, 5, 50, 217, 219),
(65, 20, 8, 48, 78, 80),
(65, 27, 9, 52, 105, 108),
(66, 74, 1, 24, 283, 285),
(66, 51, 4, 29, 194, 195),
(66, 32, 5, 21, 125, 127),
(66, 8, 8, 22, 30, 31),
(66, 53, 9, 23, 201, 203),
(67, 74, 1, 53, 283, 285),
(67, 57, 4, 54, 217, 219),
(67, 55, 5, 35, 210, 211),
(67, 38, 8, 39, 150, 152),
(67, 9, 9, 38, 34, 36),
(68, 71, 2, 46, 271, 274),
(68, 8, 3, 43, 29, 31),
(68, 45, 6, 47, 174, 175),
(68, 50, 7, 45, 189, 191),
(68, 1, 10, 33, 1, 3),
(69, 71, 2, 46, 271, 274),
(69, 8, 3, 43, 29, 31),
(69, 45, 6, 47, 174, 175),
(69, 50, 7, 45, 189, 191),
(69, 1, 10, 33, 1, 3),
(70, 71, 2, 46, 271, 274),
(70, 8, 3, 43, 30, 31),
(70, 45, 6, 47, 174, 175),
(70, 50, 7, 45, 189, 191),
(70, 1, 10, 33, 1, 3),
(71, 74, 1, 53, 283, 285),
(71, 57, 4, 54, 217, 219),
(71, 9, 5, 38, 34, 36),
(71, 61, 8, 39, 231, 233),
(71, 55, 9, 35, 210, 211),
(72, 74, 1, 53, 283, 285),
(72, 57, 4, 54, 217, 219),
(72, 9, 5, 38, 34, 36),
(72, 38, 8, 39, 150, 152),
(72, 46, 9, 35, 177, 180),
(73, 8, 1, 42, 29, 31),
(73, 20, 4, 43, 77, 79),
(73, 32, 5, 41, 125, 127),
(73, 65, 8, 40, 247, 249),
(73, 68, 9, 3, 259, 262),
(74, 8, 1, 42, 30, 31),
(74, 2, 4, 43, 6, 8),
(74, 22, 5, 41, 85, 87),
(74, 65, 8, 40, 247, 249),
(74, 55, 9, 3, 210, 212),
(75, 17, 2, 55, 65, 68),
(75, 22, 3, 56, 85, 87),
(75, 38, 6, 57, 150, 152),
(75, 61, 7, 58, 231, 233),
(75, 34, 10, 59, 133, 135),
(76, 17, 2, 55, 65, 68),
(76, 20, 3, 58, 77, 79),
(76, 6, 6, 56, 22, 24),
(76, 58, 7, 57, 222, 224),
(76, 27, 10, 59, 106, 108),
(77, 8, 1, 42, 30, 31),
(77, 17, 4, 3, 66, 67),
(77, 32, 5, 41, 125, 127),
(77, 62, 8, 43, 235, 237),
(77, 19, 9, 40, 74, 76),
(78, 20, 2, 58, 77, 79),
(78, 22, 3, 56, 86, 88),
(78, 58, 6, 57, 222, 224),
(78, 23, 7, 55, 89, 91),
(78, 28, 10, 59, 110, 111),
(79, 56, 1, 22, 213, 215),
(79, 17, 4, 21, 65, 67),
(79, 24, 5, 23, 94, 96),
(79, 51, 8, 29, 194, 195),
(79, 3, 9, 24, 9, 11),
(80, 13, 2, 39, 49, 51),
(80, 20, 3, 54, 77, 79),
(80, 22, 6, 35, 86, 88),
(80, 16, 7, 38, 61, 64),
(80, 69, 10, 53, 264, 266),
(81, 20, 1, 54, 77, 79),
(81, 16, 4, 38, 61, 64),
(81, 55, 5, 35, 210, 211),
(81, 43, 8, 39, 166, 167),
(81, 65, 9, 53, 247, 249),
(82, 57, 2, 24, 217, 219),
(82, 71, 3, 21, 271, 274),
(82, 17, 6, 23, 65, 67),
(82, 63, 7, 29, 240, 242),
(82, 8, 10, 22, 30, 31),
(83, 71, 1, 21, 271, 274),
(83, 51, 4, 29, 194, 195),
(83, 56, 5, 22, 213, 215),
(83, 3, 8, 24, 9, 11),
(83, 24, 9, 23, 94, 96),
(84, 32, 1, 21, 125, 127),
(84, 51, 4, 29, 194, 195),
(84, 24, 5, 23, 94, 96),
(84, 63, 8, 22, 240, 242),
(84, 57, 9, 24, 217, 219),
(85, 20, 2, 43, 77, 79),
(85, 17, 3, 41, 65, 67),
(85, 35, 6, 40, 137, 139),
(85, 68, 7, 3, 259, 262),
(85, 13, 10, 42, 49, 51),
(86, 17, 2, 3, 66, 67),
(86, 51, 3, 43, 194, 195),
(86, 50, 6, 41, 189, 192),
(86, 45, 7, 42, 174, 175),
(86, 25, 10, 40, 97, 99),
(87, 17, 2, 3, 65, 67),
(87, 20, 3, 42, 78, 80),
(87, 19, 6, 40, 73, 75),
(87, 32, 7, 41, 125, 127),
(87, 2, 10, 43, 6, 8),
(88, 56, 1, 22, 213, 215),
(88, 2, 4, 29, 6, 8),
(88, 55, 5, 23, 210, 212),
(88, 32, 8, 21, 125, 127),
(88, 3, 9, 24, 9, 11),
(89, 32, 1, 21, 125, 127),
(89, 24, 4, 23, 94, 96),
(89, 51, 5, 29, 194, 195),
(89, 13, 8, 22, 50, 52),
(89, 5, 9, 24, 17, 19),
(90, 17, 2, 55, 65, 68),
(90, 8, 3, 58, 29, 31),
(90, 50, 6, 56, 190, 192),
(90, 62, 7, 59, 236, 238),
(90, 7, 10, 57, 26, 28),
(91, 32, 1, 21, 125, 127),
(91, 24, 4, 23, 94, 96),
(91, 51, 5, 29, 194, 195),
(91, 8, 8, 22, 30, 31),
(91, 5, 9, 24, 17, 19),
(92, 17, 2, 55, 65, 68),
(92, 20, 3, 58, 77, 79),
(92, 50, 6, 56, 190, 192),
(92, 38, 7, 57, 150, 152),
(92, 62, 10, 59, 235, 237),
(93, 22, 1, 56, 86, 88),
(93, 62, 4, 59, 235, 237),
(93, 3, 5, 58, 9, 11),
(93, 23, 8, 55, 89, 91),
(93, 2, 9, 57, 6, 8),
(94, 22, 2, 21, 86, 88),
(94, 57, 3, 24, 217, 219),
(94, 2, 6, 29, 6, 8),
(94, 55, 7, 23, 210, 212),
(94, 1, 10, 22, 2, 3),
(95, 71, 1, 56, 271, 274),
(95, 8, 4, 58, 30, 31),
(95, 17, 5, 55, 65, 68),
(95, 37, 8, 59, 146, 148),
(95, 63, 9, 57, 240, 242),
(96, 17, 2, 23, 65, 67),
(96, 55, 3, 21, 209, 211),
(96, 63, 6, 29, 240, 242),
(96, 5, 7, 24, 17, 19),
(96, 20, 10, 22, 77, 79),
(97, 13, 1, 54, 50, 52),
(97, 17, 4, 38, 65, 67),
(97, 22, 5, 35, 86, 88),
(97, 38, 8, 39, 150, 152),
(97, 69, 9, 53, 264, 266),
(98, 74, 2, 6, 283, 285),
(98, 53, 3, 9, 201, 204),
(98, 56, 6, 8, 213, 215),
(98, 51, 7, 10, 194, 195),
(98, 43, 10, 7, 166, 167),
(99, 8, 1, 7, 30, 31),
(99, 51, 4, 10, 194, 196),
(99, 55, 5, 6, 210, 212),
(99, 6, 8, 9, 21, 23),
(99, 25, 9, 8, 97, 99),
(100, 57, 2, 53, 217, 219),
(100, 13, 3, 54, 50, 52),
(100, 32, 6, 35, 126, 127),
(100, 9, 7, 38, 34, 36),
(100, 38, 10, 39, 150, 152),
(101, 8, 1, 61, 30, 31),
(101, 71, 4, 51, 271, 274),
(101, 57, 5, 52, 217, 219),
(101, 7, 8, 48, 25, 27),
(101, 17, 9, 60, 65, 67),
(102, 51, 2, 25, 194, 196),
(102, 55, 3, 62, 210, 212),
(102, 13, 6, 63, 50, 52),
(102, 32, 7, 14, 125, 127),
(102, 35, 10, 15, 138, 139),
(103, 8, 1, 61, 30, 31),
(103, 71, 4, 51, 271, 274),
(103, 13, 5, 48, 49, 51),
(103, 17, 8, 60, 65, 68),
(103, 58, 9, 52, 222, 224),
(104, 51, 2, 25, 194, 196),
(104, 55, 3, 62, 210, 212),
(104, 56, 6, 63, 213, 215),
(104, 32, 7, 14, 125, 127),
(104, 35, 10, 15, 138, 139),
(105, 13, 1, 7, 50, 52),
(105, 59, 4, 9, 226, 227),
(105, 17, 5, 6, 65, 67),
(105, 63, 8, 10, 240, 242),
(105, 37, 9, 8, 146, 148),
(106, 74, 2, 31, 283, 285),
(106, 71, 3, 30, 271, 274),
(106, 2, 6, 64, 6, 8),
(106, 30, 7, 49, 117, 119),
(106, 21, 10, 50, 81, 83),
(107, 17, 2, 49, 65, 68),
(107, 74, 3, 31, 283, 285),
(107, 9, 6, 30, 33, 36),
(107, 7, 7, 64, 25, 27),
(107, 21, 10, 50, 81, 83),
(108, 13, 1, 7, 52, 50),
(108, 55, 4, 6, 209, 211),
(108, 59, 5, 9, 226, 227),
(108, 37, 8, 8, 146, 148),
(108, 2, 9, 10, 6, 8),
(109, 20, 1, 39, 77, 79),
(109, 57, 4, 53, 217, 219),
(109, 9, 5, 38, 34, 36),
(109, 67, 8, 54, 256, 258),
(109, 32, 9, 35, 126, 127),
(110, 22, 2, 66, 86, 88),
(110, 13, 3, 68, 50, 52),
(110, 58, 6, 2, 222, 224),
(110, 16, 7, 67, 61, 64),
(110, 12, 10, 65, 46, 48),
(111, 20, 1, 54, 77, 79),
(111, 57, 4, 53, 217, 219),
(111, 9, 5, 38, 34, 36),
(111, 60, 8, 39, 229, 230),
(111, 32, 9, 35, 126, 127),
(112, 22, 2, 66, 86, 88),
(112, 13, 3, 68, 50, 52),
(112, 7, 6, 65, 25, 27),
(112, 16, 7, 67, 61, 64),
(112, 33, 10, 2, 129, 132),
(113, 71, 1, 67, 271, 274),
(113, 57, 4, 2, 217, 219),
(113, 13, 5, 68, 49, 51),
(113, 50, 8, 66, 189, 192),
(113, 45, 9, 65, 174, 175),
(114, 8, 2, 54, 30, 31),
(114, 22, 3, 35, 86, 88),
(114, 16, 6, 38, 61, 64),
(114, 74, 7, 53, 283, 285),
(114, 38, 10, 39, 150, 152),
(115, 8, 1, 7, 30, 31),
(115, 63, 4, 10, 240, 242),
(115, 59, 5, 9, 226, 227),
(115, 25, 8, 8, 97, 99),
(115, 53, 9, 6, 201, 203),
(116, 20, 2, 25, 77, 79),
(116, 13, 3, 63, 50, 52),
(116, 55, 6, 62, 210, 211),
(116, 71, 7, 14, 271, 273),
(116, 5, 10, 15, 17, 19),
(117, 8, 1, 7, 30, 31),
(117, 70, 4, 9, 267, 269),
(117, 37, 5, 8, 146, 148),
(117, 2, 8, 10, 6, 8),
(117, 30, 9, 6, 117, 119),
(118, 51, 2, 63, 194, 196),
(118, 55, 3, 62, 210, 211),
(118, 62, 6, 25, 235, 237),
(118, 32, 7, 14, 125, 127),
(118, 5, 10, 15, 17, 19),
(119, 13, 1, 32, 50, 52),
(119, 22, 4, 14, 86, 88),
(119, 51, 5, 25, 194, 196),
(119, 35, 8, 15, 137, 139),
(119, 55, 9, 62, 210, 211),
(120, 71, 2, 66, 271, 274),
(120, 8, 3, 2, 30, 32),
(120, 60, 6, 68, 229, 230),
(120, 9, 7, 67, 34, 35),
(120, 72, 10, 65, 276, 277),
(121, 22, 2, 67, 85, 87),
(121, 71, 3, 66, 271, 274),
(121, 38, 6, 68, 150, 152),
(121, 64, 7, 65, 244, 245),
(121, 66, 10, 2, 252, 254),
(122, 71, 2, 66, 271, 274),
(122, 8, 3, 65, 30, 32),
(122, 15, 6, 68, 57, 59),
(122, 9, 7, 67, 34, 35),
(122, 18, 10, 2, 70, 72),
(123, 8, 1, 63, 29, 31),
(123, 51, 4, 25, 194, 196),
(123, 57, 5, 15, 217, 219),
(123, 17, 8, 62, 65, 67),
(123, 55, 9, 14, 210, 211),
(124, 13, 1, 63, 50, 52),
(124, 55, 4, 62, 210, 212),
(124, 22, 5, 14, 85, 87),
(124, 2, 8, 25, 6, 8),
(124, 57, 9, 15, 217, 219),
(125, 22, 1, 35, 86, 88),
(125, 57, 4, 53, 217, 219),
(125, 9, 5, 38, 34, 36),
(125, 67, 8, 54, 256, 258),
(125, 48, 9, 39, 183, 184),
(126, 74, 2, 14, 283, 285),
(126, 8, 3, 63, 29, 31),
(126, 55, 6, 62, 209, 211),
(126, 62, 7, 25, 235, 237),
(126, 5, 10, 15, 17, 19),
(127, 8, 1, 54, 30, 31),
(127, 57, 4, 53, 217, 219),
(127, 9, 5, 38, 34, 35),
(127, 46, 8, 35, 177, 180),
(127, 38, 9, 39, 150, 152),
(128, 74, 2, 15, 283, 285),
(128, 22, 3, 14, 85, 87),
(128, 24, 6, 62, 94, 96),
(128, 2, 7, 25, 6, 8),
(128, 56, 10, 63, 213, 215),
(129, 22, 1, 35, 86, 88),
(129, 69, 4, 53, 264, 266),
(129, 16, 5, 38, 61, 64),
(129, 70, 8, 54, 267, 269),
(129, 38, 9, 39, 150, 152),
(130, 74, 2, 14, 283, 285),
(130, 8, 3, 63, 29, 31),
(130, 55, 6, 62, 210, 211),
(130, 2, 7, 25, 6, 8),
(130, 37, 10, 15, 145, 147),
(131, 22, 2, 35, 86, 88),
(131, 8, 3, 54, 29, 31),
(131, 17, 6, 38, 65, 67),
(131, 65, 7, 53, 247, 249),
(131, 38, 10, 39, 150, 152),
(132, 74, 2, 14, 283, 285),
(132, 8, 3, 63, 29, 31),
(132, 17, 6, 62, 65, 67),
(132, 62, 7, 25, 235, 237),
(132, 57, 10, 15, 217, 219),
(133, 55, 1, 62, 210, 211),
(133, 32, 4, 14, 125, 127),
(133, 57, 5, 15, 217, 219),
(133, 63, 8, 25, 240, 242),
(133, 56, 9, 63, 213, 215),
(134, 22, 1, 35, 86, 88),
(134, 65, 4, 53, 247, 249),
(134, 55, 5, 38, 210, 211),
(134, 3, 8, 54, 9, 11),
(134, 38, 9, 39, 150, 152),
(135, 32, 1, 13, 126, 127),
(135, 17, 4, 26, 65, 67),
(135, 61, 5, 36, 232, 233),
(135, 28, 8, 11, 109, 111),
(135, 58, 9, 73, 222, 224),
(136, 13, 2, 69, 49, 51),
(136, 51, 3, 71, 194, 196),
(136, 55, 6, 49, 209, 211),
(136, 75, 7, 70, 287, 289),
(136, 24, 10, 72, 94, 96),
(137, 64, 1, 72, 243, 245),
(137, 50, 4, 70, 189, 192),
(137, 38, 5, 71, 150, 152),
(137, 6, 8, 49, 21, 23),
(137, 29, 9, 69, 113, 115),
(138, 32, 2, 13, 126, 127),
(138, 17, 3, 26, 65, 68),
(138, 70, 6, 73, 267, 269),
(138, 51, 7, 11, 194, 196),
(138, 56, 10, 36, 213, 215),
(139, 71, 1, 21, 271, 274),
(139, 74, 4, 24, 283, 285),
(139, 13, 5, 22, 50, 52),
(139, 38, 8, 29, 149, 152),
(139, 53, 9, 23, 201, 203),
(140, 64, 2, 74, 243, 245),
(140, 17, 3, 75, 65, 67),
(140, 58, 6, 76, 222, 224),
(140, 32, 7, 77, 125, 127),
(140, 37, 10, 78, 146, 148),
(141, 57, 1, 76, 217, 219),
(141, 13, 4, 78, 50, 52),
(141, 32, 5, 77, 126, 127),
(141, 37, 8, 74, 145, 147),
(141, 24, 9, 75, 94, 96),
(142, 51, 2, 29, 194, 196),
(142, 74, 3, 24, 283, 285),
(142, 53, 6, 23, 201, 203),
(142, 14, 7, 21, 53, 55),
(142, 8, 10, 22, 30, 31),
(143, 32, 1, 13, 126, 127),
(143, 75, 4, 73, 287, 289),
(143, 61, 5, 36, 232, 234),
(143, 55, 8, 26, 210, 212),
(143, 8, 9, 11, 29, 31),
(144, 51, 2, 29, 194, 196),
(144, 53, 3, 23, 201, 203),
(144, 41, 6, 22, 159, 162),
(144, 46, 7, 21, 177, 180),
(144, 5, 10, 24, 17, 19),
(145, 32, 1, 13, 126, 127),
(145, 75, 4, 73, 287, 289),
(145, 55, 5, 26, 210, 212),
(145, 61, 8, 36, 232, 233),
(145, 64, 9, 11, 244, 245),
(146, 51, 2, 29, 194, 196),
(146, 53, 3, 23, 201, 203),
(146, 41, 6, 22, 159, 162),
(146, 46, 7, 21, 177, 180),
(146, 5, 10, 24, 17, 19),
(147, 32, 2, 13, 126, 127),
(147, 51, 3, 11, 194, 195),
(147, 57, 6, 73, 217, 219),
(147, 53, 7, 26, 201, 203),
(147, 8, 10, 36, 30, 31),
(148, 32, 2, 13, 126, 127),
(148, 51, 3, 11, 194, 196),
(148, 57, 6, 73, 217, 219),
(148, 53, 7, 26, 201, 203),
(148, 13, 10, 36, 50, 52),
(149, 74, 1, 24, 283, 285),
(149, 75, 4, 22, 287, 289),
(149, 38, 5, 29, 149, 152),
(149, 14, 8, 21, 53, 55),
(149, 17, 9, 23, 65, 67),
(150, 74, 1, 24, 283, 285),
(150, 75, 4, 22, 287, 289),
(150, 38, 5, 29, 149, 152),
(150, 14, 8, 21, 53, 55),
(150, 17, 9, 23, 65, 67),
(151, 74, 1, 15, 283, 285),
(151, 64, 4, 25, 243, 245),
(151, 71, 5, 14, 271, 274),
(151, 53, 8, 62, 201, 203),
(151, 56, 9, 63, 213, 215),
(152, 57, 1, 15, 217, 219),
(152, 56, 4, 63, 213, 215),
(152, 71, 5, 14, 271, 274),
(152, 17, 8, 62, 65, 68),
(152, 62, 9, 25, 235, 237),
(153, 51, 2, 78, 194, 195),
(153, 75, 3, 74, 287, 289),
(153, 14, 6, 77, 53, 55),
(153, 30, 7, 75, 117, 119),
(153, 35, 10, 76, 138, 139),
(154, 58, 2, 15, 222, 224),
(154, 51, 3, 25, 194, 196),
(154, 55, 6, 14, 210, 211),
(154, 53, 7, 62, 201, 203),
(154, 61, 10, 63, 232, 233),
(155, 32, 2, 77, 125, 127),
(155, 51, 3, 76, 194, 195),
(155, 24, 6, 75, 94, 96),
(155, 37, 7, 74, 145, 147),
(155, 8, 10, 78, 30, 31),
(156, 75, 1, 74, 287, 289),
(156, 22, 4, 77, 86, 88),
(156, 56, 5, 78, 213, 215),
(156, 30, 8, 75, 117, 119),
(156, 33, 9, 76, 130, 132),
(157, 64, 1, 73, 243, 245),
(157, 51, 4, 11, 194, 196),
(157, 40, 5, 13, 157, 158),
(157, 58, 8, 26, 222, 224),
(157, 56, 9, 36, 213, 215),
(158, 14, 2, 14, 53, 55),
(158, 17, 3, 62, 65, 67),
(158, 5, 6, 15, 17, 19),
(158, 38, 7, 25, 150, 152),
(158, 31, 10, 63, 121, 123),
(159, 17, 2, 62, 65, 67),
(159, 51, 3, 25, 194, 196),
(159, 8, 6, 63, 30, 31),
(159, 50, 7, 14, 190, 192),
(159, 57, 10, 15, 217, 219),
(160, 17, 1, 26, 65, 67),
(160, 40, 4, 13, 157, 158),
(160, 75, 5, 73, 287, 289),
(160, 61, 8, 36, 232, 233),
(160, 41, 9, 11, 159, 162),
(161, 51, 2, 63, 194, 196),
(161, 64, 3, 25, 243, 245),
(161, 50, 6, 14, 190, 192),
(161, 53, 7, 62, 201, 203),
(161, 57, 10, 15, 217, 219),
(162, 64, 1, 11, 243, 245),
(162, 75, 4, 73, 287, 290),
(162, 40, 5, 13, 157, 158),
(162, 24, 8, 26, 94, 96),
(162, 61, 9, 36, 232, 233),
(163, 17, 2, 62, 65, 67),
(163, 51, 3, 25, 194, 196),
(163, 8, 6, 63, 30, 31),
(163, 50, 7, 14, 190, 192),
(163, 57, 10, 15, 217, 219),
(164, 64, 1, 11, 243, 245),
(164, 75, 4, 73, 287, 290),
(164, 40, 5, 13, 157, 158),
(164, 24, 8, 26, 94, 96),
(164, 61, 9, 36, 232, 233),
(165, 74, 1, 24, 283, 285),
(165, 75, 4, 22, 287, 289),
(165, 38, 5, 29, 149, 152),
(165, 14, 8, 21, 53, 55),
(165, 53, 9, 23, 201, 203),
(166, 17, 2, 62, 65, 67),
(166, 64, 3, 25, 244, 245),
(166, 57, 6, 15, 217, 219),
(166, 50, 7, 14, 190, 192),
(166, 56, 10, 63, 213, 215),
(167, 74, 1, 15, 283, 285),
(167, 64, 4, 25, 243, 245),
(167, 32, 5, 14, 126, 127),
(167, 17, 8, 62, 65, 67),
(167, 13, 9, 63, 50, 52),
(168, 53, 2, 23, 201, 203),
(168, 51, 3, 29, 194, 196),
(168, 75, 6, 22, 287, 289),
(168, 14, 7, 21, 53, 55),
(168, 5, 10, 24, 17, 19),
(169, 17, 2, 62, 65, 67),
(169, 64, 3, 25, 244, 245),
(169, 58, 6, 15, 222, 224),
(169, 50, 7, 14, 190, 192),
(169, 56, 10, 63, 213, 215),
(170, 74, 1, 15, 283, 285),
(170, 75, 4, 63, 287, 289),
(170, 17, 5, 62, 65, 67),
(170, 44, 8, 14, 169, 171),
(170, 2, 9, 25, 6, 8),
(171, 53, 2, 23, 201, 203),
(171, 38, 3, 29, 149, 152),
(171, 57, 6, 24, 217, 219),
(171, 13, 7, 22, 50, 52),
(171, 32, 10, 21, 126, 127),
(172, 74, 1, 24, 283, 285),
(172, 75, 4, 22, 287, 289),
(172, 38, 5, 29, 149, 152),
(172, 14, 8, 21, 53, 55),
(172, 53, 9, 23, 201, 203),
(179, 17, 1, 82, 65, 67),
(179, 32, 4, 81, 126, 127),
(179, 28, 5, 79, 110, 111),
(179, 40, 8, 80, 157, 158),
(179, 34, 9, 83, 134, 136),
(180, 2, 2, 43, 6, 8),
(180, 44, 3, 41, 169, 171),
(180, 53, 6, 35, 201, 203),
(180, 65, 7, 40, 247, 249),
(180, 56, 10, 42, 213, 215),
(182, 17, 2, 35, 65, 67),
(182, 22, 3, 41, 86, 88),
(182, 56, 6, 42, 213, 215),
(182, 65, 7, 40, 247, 249),
(182, 51, 10, 43, 193, 195),
(183, 17, 1, 82, 65, 67),
(183, 32, 4, 81, 126, 127),
(183, 40, 5, 80, 157, 158),
(183, 38, 8, 83, 149, 152),
(183, 47, 9, 79, 181, 182),
(181, 53, 2, 35, 201, 203),
(181, 2, 3, 43, 6, 8),
(181, 50, 6, 41, 189, 192),
(181, 45, 7, 42, 174, 175),
(181, 65, 10, 40, 247, 249),
(184, 74, 1, 80, 283, 285),
(184, 32, 4, 81, 126, 127),
(184, 28, 5, 83, 109, 111),
(184, 24, 8, 82, 94, 96),
(184, 31, 9, 79, 121, 123),
(185, 74, 1, 84, 283, 285),
(185, 44, 4, 85, 169, 172),
(185, 2, 5, 33, 6, 8),
(185, 67, 8, 86, 256, 258),
(185, 15, 9, 87, 60, 58),
(186, 17, 2, 6, 65, 67),
(186, 59, 3, 9, 226, 227),
(186, 63, 6, 20, 240, 242),
(186, 65, 7, 8, 247, 249),
(186, 31, 10, 7, 121, 123),
(187, 17, 1, 6, 65, 67),
(187, 35, 4, 8, 137, 139),
(187, 59, 5, 9, 226, 227),
(187, 63, 8, 20, 240, 242),
(187, 31, 9, 7, 121, 123),
(188, 17, 2, 6, 65, 67),
(188, 59, 3, 9, 226, 227),
(188, 35, 6, 8, 137, 139),
(188, 63, 7, 20, 240, 242),
(188, 13, 10, 7, 50, 51),
(190, 74, 2, 84, 283, 285),
(190, 71, 3, 85, 271, 274),
(190, 60, 6, 87, 229, 230),
(190, 32, 7, 33, 126, 127),
(190, 1, 10, 86, 2, 3),
(189, 74, 1, 84, 283, 285),
(189, 44, 4, 85, 169, 171),
(189, 29, 5, 33, 113, 116),
(189, 67, 8, 86, 256, 258),
(189, 13, 9, 87, 49, 51),
(191, 71, 1, 97, 271, 274),
(191, 65, 4, 94, 247, 249),
(191, 60, 5, 96, 229, 230),
(191, 13, 8, 95, 49, 51),
(191, 24, 9, 93, 94, 96),
(192, 32, 2, 89, 126, 127),
(192, 69, 3, 88, 263, 266),
(192, 38, 6, 90, 150, 152),
(192, 24, 7, 91, 94, 96),
(192, 25, 10, 92, 97, 99),
(193, 69, 2, 88, 263, 266),
(193, 74, 3, 92, 283, 285),
(193, 53, 6, 91, 201, 203),
(193, 32, 7, 89, 126, 127),
(193, 41, 10, 90, 159, 162),
(194, 17, 1, 93, 65, 67),
(194, 50, 4, 97, 189, 192),
(194, 60, 5, 95, 229, 230),
(194, 65, 8, 94, 247, 249),
(194, 45, 9, 96, 174, 175),
(195, 74, 1, 13, 283, 285),
(195, 57, 4, 73, 217, 219),
(195, 56, 5, 11, 213, 215),
(195, 10, 8, 26, 37, 39),
(195, 45, 9, 36, 174, 175),
(196, 51, 2, 98, 193, 196),
(196, 71, 3, 100, 271, 274),
(196, 24, 6, 101, 94, 96),
(196, 65, 7, 102, 247, 249),
(196, 8, 10, 99, 30, 31),
(197, 17, 1, 101, 65, 67),
(197, 57, 4, 102, 217, 219),
(197, 14, 5, 100, 53, 55),
(197, 2, 8, 98, 6, 8),
(197, 45, 9, 99, 174, 175),
(198, 71, 2, 26, 271, 274),
(198, 22, 3, 13, 85, 87),
(198, 56, 6, 36, 213, 215),
(198, 69, 7, 73, 263, 266),
(198, 18, 10, 11, 69, 71),
(199, 22, 1, 85, 86, 88),
(199, 2, 4, 33, 6, 8),
(199, 58, 5, 84, 222, 224),
(199, 67, 8, 86, 256, 257),
(199, 8, 9, 87, 30, 31),
(200, 32, 2, 107, 125, 127),
(200, 17, 3, 105, 65, 67),
(200, 28, 6, 106, 109, 111),
(200, 69, 7, 103, 263, 266),
(200, 43, 10, 104, 166, 167),
(201, 32, 2, 107, 125, 127),
(201, 17, 3, 105, 65, 67),
(201, 38, 6, 106, 150, 152),
(201, 57, 7, 103, 217, 219),
(201, 43, 10, 104, 166, 167),
(202, 74, 1, 84, 283, 285),
(202, 29, 4, 33, 113, 116),
(202, 44, 5, 85, 169, 171),
(202, 1, 8, 86, 2, 4),
(202, 8, 9, 87, 30, 31),
(203, 60, 1, 68, 229, 230),
(203, 71, 4, 66, 271, 274),
(203, 17, 5, 108, 65, 67),
(203, 48, 8, 65, 183, 184),
(203, 58, 9, 2, 222, 224),
(204, 17, 1, 82, 65, 67),
(204, 32, 4, 81, 126, 127),
(204, 34, 5, 83, 134, 136),
(204, 40, 8, 80, 157, 158),
(204, 31, 9, 79, 121, 123),
(205, 2, 2, 79, 6, 8),
(205, 32, 3, 81, 126, 127),
(205, 24, 6, 82, 94, 96),
(205, 40, 7, 80, 157, 158),
(205, 42, 10, 83, 163, 165),
(206, 60, 2, 68, 229, 230),
(206, 71, 3, 66, 271, 274),
(206, 58, 6, 2, 222, 224),
(206, 24, 7, 108, 94, 96),
(206, 38, 10, 65, 150, 152),
(207, 32, 1, 89, 126, 127),
(207, 35, 4, 92, 137, 139),
(207, 53, 5, 91, 201, 203),
(207, 41, 8, 90, 159, 162),
(207, 69, 9, 88, 263, 266),
(208, 71, 1, 89, 271, 274),
(208, 25, 4, 92, 97, 99),
(208, 17, 5, 91, 65, 67),
(208, 60, 8, 90, 229, 230),
(208, 20, 9, 88, 77, 79),
(209, 22, 2, 21, 86, 88),
(209, 2, 3, 29, 5, 7),
(209, 53, 6, 23, 201, 203),
(209, 41, 7, 22, 159, 162),
(209, 5, 10, 24, 17, 19),
(210, 17, 2, 23, 65, 67),
(210, 60, 3, 29, 229, 230),
(210, 40, 6, 24, 157, 158),
(210, 14, 7, 21, 53, 55),
(210, 13, 10, 22, 50, 52),
(211, 71, 1, 24, 271, 274),
(211, 56, 4, 22, 213, 216),
(211, 38, 5, 29, 150, 152),
(211, 50, 8, 21, 190, 192),
(211, 53, 9, 23, 201, 204),
(212, 57, 2, 2, 217, 219),
(212, 74, 3, 66, 283, 285),
(212, 31, 6, 68, 121, 123),
(212, 17, 7, 108, 65, 67),
(212, 8, 10, 65, 30, 31),
(213, 71, 1, 21, 271, 274),
(213, 53, 4, 23, 201, 203),
(213, 38, 5, 29, 150, 152),
(213, 13, 8, 22, 50, 52),
(213, 40, 9, 24, 157, 158),
(214, 57, 2, 2, 217, 219),
(214, 74, 3, 66, 283, 285),
(214, 31, 6, 68, 121, 123),
(214, 17, 7, 108, 65, 67),
(214, 63, 10, 65, 240, 241),
(215, 71, 1, 21, 271, 274),
(215, 53, 4, 23, 201, 203),
(215, 38, 5, 29, 149, 152),
(215, 13, 8, 22, 50, 52),
(215, 40, 9, 24, 157, 158),
(216, 57, 2, 2, 217, 219),
(216, 74, 3, 66, 283, 285),
(216, 31, 6, 68, 121, 123),
(216, 17, 7, 108, 65, 67),
(216, 48, 10, 65, 183, 184),
(217, 74, 1, 13, 283, 285),
(217, 60, 4, 11, 229, 230),
(217, 69, 5, 73, 263, 266),
(217, 17, 8, 26, 65, 67),
(217, 45, 9, 36, 174, 175),
(218, 60, 1, 106, 229, 230),
(218, 17, 4, 105, 65, 67),
(218, 14, 5, 107, 53, 55),
(218, 40, 8, 103, 157, 158),
(218, 67, 9, 104, 256, 258),
(219, 71, 2, 107, 271, 274),
(219, 53, 3, 105, 201, 203),
(219, 28, 6, 106, 109, 111),
(219, 40, 7, 103, 157, 158),
(219, 67, 10, 104, 256, 258),
(220, 57, 2, 73, 217, 219),
(220, 69, 3, 36, 263, 266),
(220, 14, 6, 13, 53, 56),
(220, 71, 7, 26, 271, 274),
(220, 28, 10, 11, 109, 111),
(221, 60, 1, 106, 229, 230),
(221, 17, 4, 105, 65, 67),
(221, 32, 5, 107, 125, 127),
(221, 53, 8, 103, 201, 203),
(221, 41, 9, 104, 159, 162),
(222, 71, 2, 13, 271, 274),
(222, 32, 3, 26, 125, 127),
(222, 45, 6, 36, 174, 175),
(222, 69, 7, 73, 263, 266),
(222, 12, 10, 11, 45, 47),
(223, 56, 1, 36, 213, 215),
(223, 22, 4, 13, 86, 88),
(223, 69, 5, 73, 263, 266),
(223, 10, 8, 26, 37, 39),
(223, 18, 9, 11, 69, 71),
(224, 60, 1, 68, 229, 230),
(224, 69, 4, 2, 263, 266),
(224, 17, 5, 108, 65, 67),
(224, 38, 8, 65, 150, 152),
(224, 14, 9, 66, 53, 56),
(225, 74, 1, 13, 283, 285),
(225, 32, 4, 26, 125, 127),
(225, 69, 5, 73, 263, 266),
(225, 28, 8, 11, 109, 111),
(225, 45, 9, 36, 174, 175),
(226, 56, 1, 65, 213, 215),
(226, 24, 4, 108, 94, 96),
(226, 31, 5, 68, 121, 123),
(226, 46, 8, 66, 177, 180),
(226, 40, 9, 2, 157, 158),
(227, 2, 2, 68, 6, 8),
(227, 17, 3, 108, 65, 67),
(227, 45, 6, 65, 174, 175),
(227, 50, 7, 66, 189, 192),
(227, 58, 10, 2, 222, 224),
(229, 60, 2, 68, 229, 230),
(229, 17, 3, 108, 65, 67),
(229, 40, 6, 65, 157, 158),
(229, 14, 7, 66, 53, 56),
(229, 33, 10, 2, 129, 132),
(228, 32, 2, 26, 125, 127),
(228, 71, 3, 13, 271, 274),
(228, 13, 6, 73, 49, 51),
(228, 28, 7, 11, 109, 111),
(228, 27, 10, 36, 106, 108),
(230, 60, 2, 11, 229, 230),
(230, 71, 3, 13, 271, 274),
(230, 58, 6, 73, 222, 224),
(230, 17, 7, 26, 65, 67),
(230, 61, 10, 36, 232, 234);

-- Bans table data
INSERT INTO bans (comp_id, pokemon_id, ban_position) VALUES
(1, 64, 1),
(1, 66, 3),
(2, 30, 2),
(2, 39, 4),
(3, 30, 1),
(3, 50, 3),
(4, 64, 2),
(4, 39, 4),
(5, 64, 1),
(5, 66, 3),
(6, 30, 2),
(6, 25, 4),
(7, 55, 1),
(7, 25, 3),
(8, 39, 2),
(8, 30, 4),
(9, 30, 1),
(9, 66, 3),
(10, 39, 2),
(10, 55, 4),
(11, 25, 1),
(11, 39, 3),
(12, 55, 2),
(12, 41, 4),
(13, 41, 1),
(13, 40, 3),
(14, 25, 2),
(14, 39, 4),
(15, 30, 1),
(15, 25, 3),
(16, 39, 2),
(16, 11, 4),
(17, 39, 1),
(17, 22, 3),
(18, 30, 2),
(18, 66, 4),
(19, 55, 1),
(19, 25, 3),
(20, 39, 2),
(20, 4, 4),
(21, 55, 1),
(21, 25, 3),
(22, 56, 2),
(22, 66, 4),
(23, 55, 1),
(23, 22, 3),
(24, 56, 2),
(24, 66, 4),
(25, 4, 1),
(25, 56, 3),
(26, 55, 2),
(26, 39, 4),
(27, 4, 1),
(27, 56, 3),
(28, 55, 2),
(28, 39, 4),
(29, 4, 1),
(29, 56, 3),
(30, 55, 2),
(30, 66, 4),
(31, 55, 1),
(31, 39, 3),
(32, 32, 2),
(32, 50, 4),
(33, 55, 1),
(33, 39, 3),
(34, 50, 2),
(34, 41, 4),
(35, 55, 1),
(35, 22, 3),
(36, 50, 2),
(36, 66, 4),
(37, 30, 1),
(37, 39, 3),
(38, 56, 2),
(38, 66, 4),
(39, 55, 1),
(39, 22, 3),
(40, 30, 2),
(40, 39, 4),
(41, 4, 1),
(41, 56, 3),
(42, 55, 2),
(42, 66, 4),
(43, 4, 1),
(43, 56, 3),
(44, 55, 2),
(44, 66, 4),
(45, 55, 1),
(45, 63, 3),
(46, 4, 2),
(46, 66, 4),
(47, 4, 1),
(47, 56, 3),
(48, 55, 2),
(48, 66, 4),
(49, 4, 1),
(49, 16, 3),
(50, 55, 2),
(50, 66, 4),
(51, 55, 1),
(51, 25, 3),
(52, 4, 2),
(52, 56, 4),
(53, 55, 1),
(53, 22, 3),
(54, 4, 2),
(54, 56, 4),
(55, 55, 1),
(55, 22, 3),
(56, 4, 2),
(56, 56, 4),
(57, 22, 1),
(57, 8, 3),
(58, 56, 2),
(58, 20, 4),
(59, 56, 1),
(59, 20, 3),
(60, 74, 2),
(60, 8, 4),
(61, 71, 1),
(61, 22, 3),
(62, 74, 2),
(62, 57, 4),
(65, 71, 1),
(65, 46, 3),
(64, 74, 2),
(64, 55, 4),
(66, 22, 1),
(66, 20, 3),
(63, 71, 2),
(63, 46, 4),
(67, 13, 1),
(67, 22, 3),
(68, 56, 2),
(68, 20, 4),
(72, 13, 1),
(72, 22, 3),
(70, 56, 2),
(70, 20, 4),
(71, 13, 1),
(71, 22, 3),
(69, 56, 2),
(69, 20, 4),
(73, 71, 1),
(73, 13, 3),
(75, 74, 2),
(75, 50, 4),
(74, 71, 1),
(74, 13, 3),
(76, 74, 2),
(76, 50, 4),
(77, 71, 1),
(77, 13, 3),
(78, 74, 2),
(78, 50, 4),
(79, 71, 1),
(79, 57, 3),
(80, 74, 2),
(80, 46, 4),
(81, 13, 1),
(81, 51, 3),
(82, 74, 2),
(82, 56, 4),
(83, 22, 1),
(83, 8, 3),
(87, 74, 2),
(87, 57, 4),
(88, 22, 1),
(88, 8, 3),
(86, 74, 2),
(86, 71, 4),
(84, 22, 1),
(84, 50, 3),
(85, 71, 2),
(85, 74, 4),
(89, 22, 1),
(89, 58, 3),
(90, 74, 2),
(90, 71, 4),
(91, 22, 1),
(91, 58, 3),
(92, 74, 2),
(92, 71, 4),
(95, 51, 1),
(95, 32, 3),
(94, 74, 2),
(94, 58, 4),
(93, 51, 1),
(93, 32, 3),
(96, 74, 2),
(96, 58, 4),
(97, 70, 1),
(97, 57, 3),
(98, 20, 2),
(98, 8, 4),
(99, 22, 1),
(99, 20, 3),
(100, 70, 2),
(100, 74, 4),
(101, 22, 1),
(101, 50, 3),
(102, 74, 2),
(102, 20, 4),
(103, 22, 1),
(103, 50, 3),
(104, 74, 2),
(104, 20, 4),
(105, 22, 1),
(105, 20, 3),
(106, 8, 2),
(106, 70, 4),
(108, 22, 1),
(108, 20, 3),
(107, 8, 2),
(107, 70, 4),
(109, 51, 1),
(109, 8, 3),
(110, 71, 2),
(110, 74, 4),
(111, 51, 1),
(111, 8, 3),
(112, 71, 2),
(112, 74, 4),
(113, 32, 1),
(113, 9, 3),
(114, 51, 2),
(114, 20, 4),
(115, 22, 1),
(115, 37, 3),
(116, 74, 2),
(116, 70, 4),
(117, 22, 1),
(117, 13, 3),
(118, 74, 2),
(118, 20, 4),
(119, 74, 1),
(119, 20, 3),
(120, 32, 2),
(120, 70, 4),
(124, 74, 1),
(124, 20, 3),
(122, 32, 2),
(122, 51, 4),
(123, 74, 1),
(123, 20, 3),
(121, 32, 2),
(121, 13, 4),
(125, 51, 1),
(125, 32, 3),
(126, 20, 2),
(126, 13, 4),
(127, 51, 1),
(127, 32, 3),
(128, 20, 2),
(128, 13, 4),
(129, 51, 1),
(129, 32, 3),
(130, 20, 2),
(130, 13, 4),
(134, 51, 1),
(134, 32, 3),
(132, 20, 2),
(132, 13, 4),
(133, 74, 1),
(133, 13, 3),
(131, 51, 2),
(131, 20, 4),
(135, 71, 1),
(135, 74, 3),
(136, 22, 2),
(136, 64, 4),
(137, 22, 1),
(137, 28, 3),
(138, 74, 2),
(138, 71, 4),
(139, 22, 1),
(139, 57, 3),
(140, 46, 2),
(140, 51, 4),
(141, 46, 1),
(141, 64, 3),
(142, 22, 2),
(142, 71, 4),
(143, 17, 1),
(143, 74, 3),
(144, 22, 2),
(144, 71, 4),
(145, 17, 1),
(145, 74, 3),
(146, 22, 2),
(146, 71, 4),
(150, 22, 1),
(150, 64, 3),
(148, 46, 2),
(148, 71, 4),
(149, 22, 1),
(149, 13, 3),
(147, 46, 2),
(147, 71, 4),
(151, 57, 1),
(151, 58, 3),
(155, 13, 2),
(155, 75, 4),
(156, 13, 1),
(156, 64, 3),
(154, 57, 2),
(154, 74, 4),
(152, 58, 1),
(152, 22, 3),
(153, 13, 2),
(153, 64, 4),
(157, 74, 1),
(157, 71, 3),
(158, 22, 2),
(158, 32, 4),
(162, 74, 1),
(162, 71, 3),
(163, 22, 2),
(163, 32, 4),
(164, 74, 1),
(164, 71, 3),
(159, 22, 2),
(159, 32, 4),
(160, 74, 1),
(160, 71, 3),
(161, 22, 2),
(161, 32, 4),
(165, 13, 1),
(165, 51, 3),
(169, 22, 2),
(169, 71, 4),
(170, 22, 1),
(170, 64, 3),
(171, 71, 2),
(171, 51, 4),
(172, 13, 1),
(172, 51, 3),
(166, 22, 2),
(166, 71, 4),
(167, 22, 1),
(167, 46, 3),
(168, 71, 2),
(168, 56, 4),
(184, 8, 1),
(184, 2, 3),
(182, 60, 2),
(182, 34, 4),
(183, 8, 1),
(183, 74, 3),
(181, 60, 2),
(181, 34, 4),
(179, 8, 1),
(179, 74, 3),
(180, 60, 2),
(180, 50, 4),
(187, 40, 1),
(187, 22, 3),
(190, 56, 2),
(190, 8, 4),
(189, 56, 1),
(189, 8, 3),
(186, 40, 2),
(186, 22, 4),
(185, 56, 1),
(185, 8, 3),
(188, 40, 2),
(188, 22, 4),
(191, 22, 1),
(191, 17, 3),
(193, 56, 2),
(193, 67, 4),
(194, 74, 1),
(194, 22, 3),
(192, 56, 2),
(192, 71, 4),
(195, 32, 1),
(195, 22, 3),
(196, 17, 2),
(196, 60, 4),
(197, 74, 1),
(197, 60, 3),
(198, 32, 2),
(198, 8, 4),
(202, 56, 1),
(202, 60, 3),
(200, 40, 2),
(200, 22, 4),
(199, 56, 1),
(199, 60, 3),
(201, 40, 2),
(201, 74, 4),
(203, 28, 1),
(203, 50, 3),
(205, 74, 2),
(205, 57, 4),
(204, 57, 1),
(204, 74, 3),
(206, 28, 2),
(206, 50, 4),
(207, 56, 1),
(207, 71, 3),
(210, 22, 2),
(210, 74, 4),
(208, 56, 1),
(208, 13, 3),
(209, 74, 2),
(209, 69, 4),
(211, 2, 1),
(211, 22, 3),
(216, 60, 2),
(216, 41, 4),
(213, 2, 1),
(213, 22, 3),
(212, 60, 2),
(212, 41, 4),
(215, 2, 1),
(215, 22, 3),
(214, 60, 2),
(214, 41, 4),
(217, 32, 1),
(217, 57, 3),
(219, 22, 2),
(219, 56, 4),
(218, 56, 1),
(218, 22, 3),
(222, 74, 2),
(222, 57, 4),
(221, 56, 1),
(221, 45, 3),
(220, 74, 2),
(220, 22, 4),
(223, 71, 1),
(223, 57, 3),
(227, 60, 2),
(227, 74, 4),
(224, 56, 1),
(224, 22, 3),
(228, 57, 2),
(228, 74, 4),
(225, 57, 1),
(225, 71, 3),
(229, 56, 2),
(229, 22, 4),
(226, 22, 1),
(226, 69, 3),
(230, 57, 2),
(230, 74, 4);

